名称,番号,发行时间,封面
加勒比之时间静止 OL篇 010610-263,010610-263,2010-01-06,https://weifun1995.github.io/avhub/日本/时间停止无码片/加勒比之时间静止 OL篇 010610-263.jpg
加勒比之时间静止 健身女郎篇 042913-324,042913-324,2013-04-29,https://weifun1995.github.io/avhub/日本/时间停止无码片/加勒比之时间静止 健身女郎篇 042913-324.jpg
加勒比之时间静止 健身女郎篇 051313-336,051313-336,2013-05-13,https://weifun1995.github.io/avhub/日本/时间停止无码片/加勒比之时间静止 健身女郎篇 051313-336.jpg
加勒比之时间静止 健身女郎篇 060313-352,060313-352,2013-06-03,https://weifun1995.github.io/avhub/日本/时间停止无码片/加勒比之时间静止 健身女郎篇 060313-352.jpg
加勒比之时间静止 公寓篇 101819-001,101819-001,2019-10-18,https://weifun1995.github.io/avhub/日本/时间停止无码片/加勒比之时间静止 公寓篇 101819-001.jpg
加勒比之时间静止 卡拉ok包厢篇 070621-001,070621-001,2021-07-06,https://weifun1995.github.io/avhub/日本/时间停止无码片/加勒比之时间静止 卡拉ok包厢篇 070621-001.jpg
加勒比之时间静止 天气预报员篇 012710-281,012710-281,2010-01-27,https://weifun1995.github.io/avhub/日本/时间停止无码片/加勒比之时间静止 天气预报员篇 012710-281.jpg
加勒比之时间静止 女性专用车厢篇 080913-401,080913-401,2013-08-09,https://weifun1995.github.io/avhub/日本/时间停止无码片/加勒比之时间静止 女性专用车厢篇 080913-401.jpg
加勒比之时间静止 护士篇 042918-651,042918-651,2018-04-29,https://weifun1995.github.io/avhub/日本/时间停止无码片/加勒比之时间静止 护士篇 042918-651.jpg
加勒比之时间静止 欧洲篇 102514-721,102514-721,2014-10-25,https://weifun1995.github.io/avhub/日本/时间停止无码片/加勒比之时间静止 欧洲篇 102514-721.jpg
加勒比之时间静止 法庭篇前 010914-518,010914-518,2014-01-09,https://weifun1995.github.io/avhub/日本/时间停止无码片/加勒比之时间静止 法庭篇前 010914-518.jpg
加勒比之时间静止 法庭篇后 011014-519,011014-519,2014-01-10,https://weifun1995.github.io/avhub/日本/时间停止无码片/加勒比之时间静止 法庭篇后 011014-519.jpg
加勒比之时间静止 泡姫物語篇 011720-001,011720-001,2020-01-17,https://weifun1995.github.io/avhub/日本/时间停止无码片/加勒比之时间静止 泡姫物語篇 011720-001.jpg
加勒比之时间静止 温泉旅馆篇 081419-982,081419-982,2019-08-14,https://weifun1995.github.io/avhub/日本/时间停止无码片/加勒比之时间静止 温泉旅馆篇 081419-982.jpg
加勒比之时间静止 社交俱乐部篇 071120-001,071120-001,2020-07-11,https://weifun1995.github.io/avhub/日本/时间停止无码片/加勒比之时间静止 社交俱乐部篇 071120-001.jpg
加勒比之时间静止 社长秘书篇 123118-825,123118-825,2018-12-31,https://weifun1995.github.io/avhub/日本/时间停止无码片/加勒比之时间静止 社长秘书篇 123118-825.jpg
加勒比之时间静止 配送女郎篇 022418-610,022418-610,2018-02-24,https://weifun1995.github.io/avhub/日本/时间停止无码片/加勒比之时间静止 配送女郎篇 022418-610.jpg
加勒比之时间静止 酒保女郎篇 021710-299,021710-299,2010-02-17,https://weifun1995.github.io/avhub/日本/时间停止无码片/加勒比之时间静止 酒保女郎篇 021710-299.jpg
加勒比之时间静止 銭汤篇 050211-686,050211-686,2011-05-02,https://weifun1995.github.io/avhub/日本/时间停止无码片/加勒比之时间静止 銭汤篇 050211-686.jpg
加勒比之时间静止 銭汤编 060611-717,060611-717,2011-06-06,https://weifun1995.github.io/avhub/日本/时间停止无码片/加勒比之时间静止 銭汤编 060611-717.jpg
加勒比之时间静止 銭汤编 071111-748,071111-748,2011-07-11,https://weifun1995.github.io/avhub/日本/时间停止无码片/加勒比之时间静止 銭汤编 071111-748.jpg
